[
{
  "model": "admin.logentry",
  "pk": 1,
  "fields": {
    "action_time": "2024-10-24T07:53:12.252Z",
    "user": 2,
    "content_type": 4,
    "object_id": "1",
    "object_repr": "shekharghimire",
    "action_flag": 3,
    "change_message": ""
  }
},
{
  "model": "admin.logentry",
  "pk": 2,
  "fields": {
    "action_time": "2024-10-24T07:53:31.168Z",
    "user": 2,
    "content_type": 4,
    "object_id": "2",
    "object_repr": "shekharghimire",
    "action_flag": 2,
    "change_message": "[{\"changed\": {\"fields\": [\"Username\"]}}]"
  }
},
{
  "model": "admin.logentry",
  "pk": 3,
  "fields": {
    "action_time": "2024-10-24T08:05:03.392Z",
    "user": 2,
    "content_type": 7,
    "object_id": "1",
    "object_repr": "Post object (1)",
    "action_flag": 1,
    "change_message": "[{\"added\": {}}]"
  }
},
{
  "model": "admin.logentry",
  "pk": 4,
  "fields": {
    "action_time": "2024-10-24T09:58:30.071Z",
    "user": 2,
    "content_type": 7,
    "object_id": "7",
    "object_repr": "Post object (7)",
    "action_flag": 1,
    "change_message": "[{\"added\": {}}]"
  }
},
{
  "model": "admin.logentry",
  "pk": 5,
  "fields": {
    "action_time": "2024-10-24T09:59:13.299Z",
    "user": 2,
    "content_type": 7,
    "object_id": "4",
    "object_repr": "Post object (4)",
    "action_flag": 3,
    "change_message": ""
  }
},
{
  "model": "admin.logentry",
  "pk": 6,
  "fields": {
    "action_time": "2024-10-24T09:59:20.636Z",
    "user": 2,
    "content_type": 7,
    "object_id": "2",
    "object_repr": "Post object (2)",
    "action_flag": 3,
    "change_message": ""
  }
},
{
  "model": "admin.logentry",
  "pk": 7,
  "fields": {
    "action_time": "2024-10-24T10:02:05.899Z",
    "user": 2,
    "content_type": 7,
    "object_id": "3",
    "object_repr": "Post object (3)",
    "action_flag": 2,
    "change_message": "[{\"changed\": {\"fields\": [\"Slug\", \"Status\"]}}]"
  }
},
{
  "model": "admin.logentry",
  "pk": 8,
  "fields": {
    "action_time": "2024-10-24T10:02:14.097Z",
    "user": 2,
    "content_type": 7,
    "object_id": "7",
    "object_repr": "Post object (7)",
    "action_flag": 2,
    "change_message": "[{\"changed\": {\"fields\": [\"Status\"]}}]"
  }
},
{
  "model": "admin.logentry",
  "pk": 9,
  "fields": {
    "action_time": "2024-10-24T10:02:22.747Z",
    "user": 2,
    "content_type": 7,
    "object_id": "6",
    "object_repr": "Post object (6)",
    "action_flag": 2,
    "change_message": "[{\"changed\": {\"fields\": [\"Slug\"]}}]"
  }
},
{
  "model": "admin.logentry",
  "pk": 10,
  "fields": {
    "action_time": "2024-10-24T10:02:32.315Z",
    "user": 2,
    "content_type": 7,
    "object_id": "3",
    "object_repr": "Post object (3)",
    "action_flag": 2,
    "change_message": "[]"
  }
},
{
  "model": "admin.logentry",
  "pk": 11,
  "fields": {
    "action_time": "2024-10-24T10:02:41.477Z",
    "user": 2,
    "content_type": 7,
    "object_id": "6",
    "object_repr": "Post object (6)",
    "action_flag": 2,
    "change_message": "[{\"changed\": {\"fields\": [\"Status\"]}}]"
  }
},
{
  "model": "admin.logentry",
  "pk": 12,
  "fields": {
    "action_time": "2024-10-24T10:30:51.054Z",
    "user": 2,
    "content_type": 7,
    "object_id": "8",
    "object_repr": "Post object (8)",
    "action_flag": 1,
    "change_message": "[{\"added\": {}}]"
  }
},
{
  "model": "admin.logentry",
  "pk": 13,
  "fields": {
    "action_time": "2024-10-24T10:31:37.855Z",
    "user": 2,
    "content_type": 7,
    "object_id": "9",
    "object_repr": "Post object (9)",
    "action_flag": 1,
    "change_message": "[{\"added\": {}}]"
  }
},
{
  "model": "admin.logentry",
  "pk": 14,
  "fields": {
    "action_time": "2024-10-24T10:31:53.184Z",
    "user": 2,
    "content_type": 7,
    "object_id": "5",
    "object_repr": "Post object (5)",
    "action_flag": 2,
    "change_message": "[{\"changed\": {\"fields\": [\"Status\"]}}]"
  }
},
{
  "model": "admin.logentry",
  "pk": 15,
  "fields": {
    "action_time": "2024-10-26T09:28:23.679Z",
    "user": 2,
    "content_type": 8,
    "object_id": "1",
    "object_repr": "Comment by shekhar on Riding Bicycle",
    "action_flag": 1,
    "change_message": "[{\"added\": {}}]"
  }
},
{
  "model": "admin.logentry",
  "pk": 16,
  "fields": {
    "action_time": "2024-10-26T10:26:56.102Z",
    "user": 2,
    "content_type": 8,
    "object_id": "2",
    "object_repr": "Comment by shekhar on Riding Bicycle",
    "action_flag": 2,
    "change_message": "[{\"changed\": {\"fields\": [\"Body\"]}}]"
  }
},
{
  "model": "admin.logentry",
  "pk": 17,
  "fields": {
    "action_time": "2024-10-27T08:44:37.226Z",
    "user": 2,
    "content_type": 4,
    "object_id": "3",
    "object_repr": "sudeepghimire",
    "action_flag": 1,
    "change_message": "[{\"added\": {}}]"
  }
},
{
  "model": "admin.logentry",
  "pk": 18,
  "fields": {
    "action_time": "2024-10-27T08:44:49.350Z",
    "user": 2,
    "content_type": 4,
    "object_id": "3",
    "object_repr": "sudeepghimire",
    "action_flag": 2,
    "change_message": "[{\"changed\": {\"fields\": [\"Staff status\", \"Superuser status\"]}}]"
  }
},
{
  "model": "admin.logentry",
  "pk": 19,
  "fields": {
    "action_time": "2024-10-27T08:45:06.493Z",
    "user": 2,
    "content_type": 4,
    "object_id": "3",
    "object_repr": "sudeepghimire",
    "action_flag": 2,
    "change_message": "[{\"changed\": {\"fields\": [\"First name\", \"Last name\", \"Email address\"]}}]"
  }
},
{
  "model": "admin.logentry",
  "pk": 20,
  "fields": {
    "action_time": "2024-10-27T08:45:19.371Z",
    "user": 2,
    "content_type": 4,
    "object_id": "2",
    "object_repr": "shekharghimire",
    "action_flag": 2,
    "change_message": "[{\"changed\": {\"fields\": [\"First name\", \"Last name\"]}}]"
  }
},
{
  "model": "admin.logentry",
  "pk": 21,
  "fields": {
    "action_time": "2024-10-27T09:32:40.033Z",
    "user": 3,
    "content_type": 7,
    "object_id": "11",
    "object_repr": "\"Harnessing the Power of ChatGPT Code Interpreter for Data Analysis\"",
    "action_flag": 1,
    "change_message": "[{\"added\": {}}]"
  }
},
{
  "model": "admin.logentry",
  "pk": 22,
  "fields": {
    "action_time": "2024-10-27T09:33:49.551Z",
    "user": 3,
    "content_type": 7,
    "object_id": "12",
    "object_repr": "\"AI-Powered Image Generation with DALL-E 3: A Creative Revolution\"",
    "action_flag": 1,
    "change_message": "[{\"added\": {}}]"
  }
},
{
  "model": "admin.logentry",
  "pk": 23,
  "fields": {
    "action_time": "2024-10-27T09:34:02.440Z",
    "user": 3,
    "content_type": 7,
    "object_id": "3",
    "object_repr": "One more post",
    "action_flag": 3,
    "change_message": ""
  }
},
{
  "model": "admin.logentry",
  "pk": 24,
  "fields": {
    "action_time": "2024-10-27T09:34:08.546Z",
    "user": 3,
    "content_type": 7,
    "object_id": "5",
    "object_repr": "One more post",
    "action_flag": 3,
    "change_message": ""
  }
},
{
  "model": "admin.logentry",
  "pk": 25,
  "fields": {
    "action_time": "2024-10-27T09:34:15.550Z",
    "user": 3,
    "content_type": 7,
    "object_id": "6",
    "object_repr": "Updated Post Title",
    "action_flag": 3,
    "change_message": ""
  }
},
{
  "model": "admin.logentry",
  "pk": 26,
  "fields": {
    "action_time": "2024-10-27T09:35:06.754Z",
    "user": 3,
    "content_type": 7,
    "object_id": "13",
    "object_repr": "\"Building Smarter Business Solutions with Google's Vertex AI\"",
    "action_flag": 1,
    "change_message": "[{\"added\": {}}]"
  }
},
{
  "model": "admin.logentry",
  "pk": 27,
  "fields": {
    "action_time": "2024-10-27T09:35:37.261Z",
    "user": 3,
    "content_type": 7,
    "object_id": "11",
    "object_repr": "\"Harnessing the Power of ChatGPT Code Interpreter for Data Analysis\"",
    "action_flag": 2,
    "change_message": "[{\"changed\": {\"fields\": [\"Status\"]}}]"
  }
},
{
  "model": "admin.logentry",
  "pk": 28,
  "fields": {
    "action_time": "2024-10-27T09:35:46.092Z",
    "user": 3,
    "content_type": 7,
    "object_id": "12",
    "object_repr": "\"AI-Powered Image Generation with DALL-E 3: A Creative Revolution\"",
    "action_flag": 2,
    "change_message": "[{\"changed\": {\"fields\": [\"Status\"]}}]"
  }
},
{
  "model": "admin.logentry",
  "pk": 29,
  "fields": {
    "action_time": "2024-10-27T09:35:52.480Z",
    "user": 3,
    "content_type": 7,
    "object_id": "13",
    "object_repr": "\"Building Smarter Business Solutions with Google's Vertex AI\"",
    "action_flag": 2,
    "change_message": "[{\"changed\": {\"fields\": [\"Status\"]}}]"
  }
},
{
  "model": "admin.logentry",
  "pk": 30,
  "fields": {
    "action_time": "2024-10-27T09:36:42.671Z",
    "user": 3,
    "content_type": 7,
    "object_id": "14",
    "object_repr": "\"Automated Code Writing and Debugging with GitHub Copilot X\"",
    "action_flag": 1,
    "change_message": "[{\"added\": {}}]"
  }
},
{
  "model": "admin.logentry",
  "pk": 31,
  "fields": {
    "action_time": "2024-10-27T09:37:27.811Z",
    "user": 3,
    "content_type": 7,
    "object_id": "15",
    "object_repr": "\"Revolutionizing Customer Service with ChatGPT's Multimodal Capabilities\"",
    "action_flag": 1,
    "change_message": "[{\"added\": {}}]"
  }
},
{
  "model": "admin.logentry",
  "pk": 32,
  "fields": {
    "action_time": "2024-10-27T09:37:34.623Z",
    "user": 3,
    "content_type": 7,
    "object_id": "15",
    "object_repr": "\"Revolutionizing Customer Service with ChatGPT's Multimodal Capabilities\"",
    "action_flag": 2,
    "change_message": "[{\"changed\": {\"fields\": [\"Status\"]}}]"
  }
},
{
  "model": "admin.logentry",
  "pk": 33,
  "fields": {
    "action_time": "2024-10-27T10:14:11.446Z",
    "user": 3,
    "content_type": 7,
    "object_id": "10",
    "object_repr": "Sample Post",
    "action_flag": 2,
    "change_message": "[]"
  }
},
{
  "model": "admin.logentry",
  "pk": 34,
  "fields": {
    "action_time": "2024-10-27T10:14:27.747Z",
    "user": 3,
    "content_type": 7,
    "object_id": "9",
    "object_repr": "Riding Bicycle",
    "action_flag": 2,
    "change_message": "[{\"changed\": {\"fields\": [\"Tags\"]}}]"
  }
},
{
  "model": "admin.logentry",
  "pk": 35,
  "fields": {
    "action_time": "2024-10-27T10:14:41.317Z",
    "user": 3,
    "content_type": 7,
    "object_id": "7",
    "object_repr": "My Hobbies",
    "action_flag": 2,
    "change_message": "[{\"changed\": {\"fields\": [\"Tags\"]}}]"
  }
},
{
  "model": "admin.logentry",
  "pk": 36,
  "fields": {
    "action_time": "2024-10-27T10:14:49.350Z",
    "user": 3,
    "content_type": 7,
    "object_id": "9",
    "object_repr": "Riding Bicycle",
    "action_flag": 2,
    "change_message": "[{\"changed\": {\"fields\": [\"Tags\"]}}]"
  }
},
{
  "model": "admin.logentry",
  "pk": 37,
  "fields": {
    "action_time": "2024-10-27T10:15:13.706Z",
    "user": 3,
    "content_type": 7,
    "object_id": "8",
    "object_repr": "Horse Riding",
    "action_flag": 2,
    "change_message": "[{\"changed\": {\"fields\": [\"Tags\"]}}]"
  }
},
{
  "model": "admin.logentry",
  "pk": 38,
  "fields": {
    "action_time": "2024-10-28T06:06:48.298Z",
    "user": 3,
    "content_type": 7,
    "object_id": "16",
    "object_repr": "Markdown Post",
    "action_flag": 1,
    "change_message": "[{\"added\": {}}]"
  }
},
{
  "model": "admin.logentry",
  "pk": 39,
  "fields": {
    "action_time": "2024-10-28T06:10:45.817Z",
    "user": 3,
    "content_type": 7,
    "object_id": "16",
    "object_repr": "Markdown Post",
    "action_flag": 2,
    "change_message": "[{\"changed\": {\"fields\": [\"Body\"]}}]"
  }
},
{
  "model": "admin.logentry",
  "pk": 40,
  "fields": {
    "action_time": "2024-10-28T14:21:42.272Z",
    "user": 3,
    "content_type": 11,
    "object_id": "1",
    "object_repr": "localhost:8000",
    "action_flag": 2,
    "change_message": "[{\"changed\": {\"fields\": [\"Domain name\", \"Display name\"]}}]"
  }
},
{
  "model": "auth.permission",
  "pk": 1,
  "fields": {
    "name": "Can add log entry",
    "content_type": 1,
    "codename": "add_logentry"
  }
},
{
  "model": "auth.permission",
  "pk": 2,
  "fields": {
    "name": "Can change log entry",
    "content_type": 1,
    "codename": "change_logentry"
  }
},
{
  "model": "auth.permission",
  "pk": 3,
  "fields": {
    "name": "Can delete log entry",
    "content_type": 1,
    "codename": "delete_logentry"
  }
},
{
  "model": "auth.permission",
  "pk": 4,
  "fields": {
    "name": "Can view log entry",
    "content_type": 1,
    "codename": "view_logentry"
  }
},
{
  "model": "auth.permission",
  "pk": 5,
  "fields": {
    "name": "Can add permission",
    "content_type": 2,
    "codename": "add_permission"
  }
},
{
  "model": "auth.permission",
  "pk": 6,
  "fields": {
    "name": "Can change permission",
    "content_type": 2,
    "codename": "change_permission"
  }
},
{
  "model": "auth.permission",
  "pk": 7,
  "fields": {
    "name": "Can delete permission",
    "content_type": 2,
    "codename": "delete_permission"
  }
},
{
  "model": "auth.permission",
  "pk": 8,
  "fields": {
    "name": "Can view permission",
    "content_type": 2,
    "codename": "view_permission"
  }
},
{
  "model": "auth.permission",
  "pk": 9,
  "fields": {
    "name": "Can add group",
    "content_type": 3,
    "codename": "add_group"
  }
},
{
  "model": "auth.permission",
  "pk": 10,
  "fields": {
    "name": "Can change group",
    "content_type": 3,
    "codename": "change_group"
  }
},
{
  "model": "auth.permission",
  "pk": 11,
  "fields": {
    "name": "Can delete group",
    "content_type": 3,
    "codename": "delete_group"
  }
},
{
  "model": "auth.permission",
  "pk": 12,
  "fields": {
    "name": "Can view group",
    "content_type": 3,
    "codename": "view_group"
  }
},
{
  "model": "auth.permission",
  "pk": 13,
  "fields": {
    "name": "Can add user",
    "content_type": 4,
    "codename": "add_user"
  }
},
{
  "model": "auth.permission",
  "pk": 14,
  "fields": {
    "name": "Can change user",
    "content_type": 4,
    "codename": "change_user"
  }
},
{
  "model": "auth.permission",
  "pk": 15,
  "fields": {
    "name": "Can delete user",
    "content_type": 4,
    "codename": "delete_user"
  }
},
{
  "model": "auth.permission",
  "pk": 16,
  "fields": {
    "name": "Can view user",
    "content_type": 4,
    "codename": "view_user"
  }
},
{
  "model": "auth.permission",
  "pk": 17,
  "fields": {
    "name": "Can add content type",
    "content_type": 5,
    "codename": "add_contenttype"
  }
},
{
  "model": "auth.permission",
  "pk": 18,
  "fields": {
    "name": "Can change content type",
    "content_type": 5,
    "codename": "change_contenttype"
  }
},
{
  "model": "auth.permission",
  "pk": 19,
  "fields": {
    "name": "Can delete content type",
    "content_type": 5,
    "codename": "delete_contenttype"
  }
},
{
  "model": "auth.permission",
  "pk": 20,
  "fields": {
    "name": "Can view content type",
    "content_type": 5,
    "codename": "view_contenttype"
  }
},
{
  "model": "auth.permission",
  "pk": 21,
  "fields": {
    "name": "Can add session",
    "content_type": 6,
    "codename": "add_session"
  }
},
{
  "model": "auth.permission",
  "pk": 22,
  "fields": {
    "name": "Can change session",
    "content_type": 6,
    "codename": "change_session"
  }
},
{
  "model": "auth.permission",
  "pk": 23,
  "fields": {
    "name": "Can delete session",
    "content_type": 6,
    "codename": "delete_session"
  }
},
{
  "model": "auth.permission",
  "pk": 24,
  "fields": {
    "name": "Can view session",
    "content_type": 6,
    "codename": "view_session"
  }
},
{
  "model": "auth.permission",
  "pk": 25,
  "fields": {
    "name": "Can add post",
    "content_type": 7,
    "codename": "add_post"
  }
},
{
  "model": "auth.permission",
  "pk": 26,
  "fields": {
    "name": "Can change post",
    "content_type": 7,
    "codename": "change_post"
  }
},
{
  "model": "auth.permission",
  "pk": 27,
  "fields": {
    "name": "Can delete post",
    "content_type": 7,
    "codename": "delete_post"
  }
},
{
  "model": "auth.permission",
  "pk": 28,
  "fields": {
    "name": "Can view post",
    "content_type": 7,
    "codename": "view_post"
  }
},
{
  "model": "auth.permission",
  "pk": 29,
  "fields": {
    "name": "Can add comment",
    "content_type": 8,
    "codename": "add_comment"
  }
},
{
  "model": "auth.permission",
  "pk": 30,
  "fields": {
    "name": "Can change comment",
    "content_type": 8,
    "codename": "change_comment"
  }
},
{
  "model": "auth.permission",
  "pk": 31,
  "fields": {
    "name": "Can delete comment",
    "content_type": 8,
    "codename": "delete_comment"
  }
},
{
  "model": "auth.permission",
  "pk": 32,
  "fields": {
    "name": "Can view comment",
    "content_type": 8,
    "codename": "view_comment"
  }
},
{
  "model": "auth.permission",
  "pk": 33,
  "fields": {
    "name": "Can add tag",
    "content_type": 9,
    "codename": "add_tag"
  }
},
{
  "model": "auth.permission",
  "pk": 34,
  "fields": {
    "name": "Can change tag",
    "content_type": 9,
    "codename": "change_tag"
  }
},
{
  "model": "auth.permission",
  "pk": 35,
  "fields": {
    "name": "Can delete tag",
    "content_type": 9,
    "codename": "delete_tag"
  }
},
{
  "model": "auth.permission",
  "pk": 36,
  "fields": {
    "name": "Can view tag",
    "content_type": 9,
    "codename": "view_tag"
  }
},
{
  "model": "auth.permission",
  "pk": 37,
  "fields": {
    "name": "Can add tagged item",
    "content_type": 10,
    "codename": "add_taggeditem"
  }
},
{
  "model": "auth.permission",
  "pk": 38,
  "fields": {
    "name": "Can change tagged item",
    "content_type": 10,
    "codename": "change_taggeditem"
  }
},
{
  "model": "auth.permission",
  "pk": 39,
  "fields": {
    "name": "Can delete tagged item",
    "content_type": 10,
    "codename": "delete_taggeditem"
  }
},
{
  "model": "auth.permission",
  "pk": 40,
  "fields": {
    "name": "Can view tagged item",
    "content_type": 10,
    "codename": "view_taggeditem"
  }
},
{
  "model": "auth.permission",
  "pk": 41,
  "fields": {
    "name": "Can add site",
    "content_type": 11,
    "codename": "add_site"
  }
},
{
  "model": "auth.permission",
  "pk": 42,
  "fields": {
    "name": "Can change site",
    "content_type": 11,
    "codename": "change_site"
  }
},
{
  "model": "auth.permission",
  "pk": 43,
  "fields": {
    "name": "Can delete site",
    "content_type": 11,
    "codename": "delete_site"
  }
},
{
  "model": "auth.permission",
  "pk": 44,
  "fields": {
    "name": "Can view site",
    "content_type": 11,
    "codename": "view_site"
  }
},
{
  "model": "auth.user",
  "pk": 2,
  "fields": {
    "password": "pbkdf2_sha256$870000$xw4T2vAvPhoaV8V1IHoMla$e2zBMdL2004SFNOROEqpr7faR1OeTg8MEI60TFFuoow=",
    "last_login": "2024-10-24T07:57:54Z",
    "is_superuser": true,
    "username": "shekharghimire",
    "first_name": "Shekhar",
    "last_name": "Ghimire",
    "email": "shekhar1@gmail.com",
    "is_staff": true,
    "is_active": true,
    "date_joined": "2024-10-24T07:51:38Z",
    "groups": [],
    "user_permissions": []
  }
},
{
  "model": "auth.user",
  "pk": 3,
  "fields": {
    "password": "pbkdf2_sha256$870000$IrDDhKqth0AMpHyJQ9TfWb$PS7tAmg8+NTZphHz1RRFuzWX3pf7vbv1UF+FhZsqRfs=",
    "last_login": "2024-10-27T08:45:39.942Z",
    "is_superuser": true,
    "username": "sudeepghimire",
    "first_name": "Sudeep",
    "last_name": "Ghimire",
    "email": "sudeep@gmail.com",
    "is_staff": true,
    "is_active": true,
    "date_joined": "2024-10-27T08:44:36Z",
    "groups": [],
    "user_permissions": []
  }
},
{
  "model": "contenttypes.contenttype",
  "pk": 1,
  "fields": {
    "app_label": "admin",
    "model": "logentry"
  }
},
{
  "model": "contenttypes.contenttype",
  "pk": 2,
  "fields": {
    "app_label": "auth",
    "model": "permission"
  }
},
{
  "model": "contenttypes.contenttype",
  "pk": 3,
  "fields": {
    "app_label": "auth",
    "model": "group"
  }
},
{
  "model": "contenttypes.contenttype",
  "pk": 4,
  "fields": {
    "app_label": "auth",
    "model": "user"
  }
},
{
  "model": "contenttypes.contenttype",
  "pk": 5,
  "fields": {
    "app_label": "contenttypes",
    "model": "contenttype"
  }
},
{
  "model": "contenttypes.contenttype",
  "pk": 6,
  "fields": {
    "app_label": "sessions",
    "model": "session"
  }
},
{
  "model": "contenttypes.contenttype",
  "pk": 7,
  "fields": {
    "app_label": "blog",
    "model": "post"
  }
},
{
  "model": "contenttypes.contenttype",
  "pk": 8,
  "fields": {
    "app_label": "blog",
    "model": "comment"
  }
},
{
  "model": "contenttypes.contenttype",
  "pk": 9,
  "fields": {
    "app_label": "taggit",
    "model": "tag"
  }
},
{
  "model": "contenttypes.contenttype",
  "pk": 10,
  "fields": {
    "app_label": "taggit",
    "model": "taggeditem"
  }
},
{
  "model": "contenttypes.contenttype",
  "pk": 11,
  "fields": {
    "app_label": "sites",
    "model": "site"
  }
},
{
  "model": "sessions.session",
  "pk": "78v7o1txo3x244je0jl8vhg7r0neokae",
  "fields": {
    "session_data": ".eJxVjDsOwjAQBe_iGllWvP6Ekp4zWGvvLg4gR4qTCnF3iJQC2jcz76USbmtNW-clTaTOyqrT75axPLjtgO7YbrMuc1uXKetd0Qft-joTPy-H-3dQsddv7S0xR0MCwRQSSyAUsGDM2fHg4mi9j-DEg4iD4Ic4AhowgQpK5KzeHwPpOIE:1t4yu3:D_NieOYDfcXsjFD_jCPQa4Eqcr_PhBB7CcIJro_ifxg",
    "expire_date": "2024-11-10T08:45:39.954Z"
  }
},
{
  "model": "blog.post",
  "pk": 7,
  "fields": {
    "title": "My Hobbies",
    "slug": "my-hobbies",
    "author": 2,
    "body": "My hobby is swimming and dancing",
    "publish": "2024-10-24T09:57:19Z",
    "created": "2024-10-24T09:58:30.063Z",
    "updated": "2024-10-27T10:14:41.305Z",
    "status": "published"
  }
},
{
  "model": "blog.post",
  "pk": 8,
  "fields": {
    "title": "Horse Riding",
    "slug": "horse-riding",
    "author": 2,
    "body": "I like Horse Riding",
    "publish": "2024-10-24T10:30:12Z",
    "created": "2024-10-24T10:30:51.049Z",
    "updated": "2024-10-27T10:15:13.690Z",
    "status": "published"
  }
},
{
  "model": "blog.post",
  "pk": 9,
  "fields": {
    "title": "Riding Bicycle",
    "slug": "riding-bicycle",
    "author": 2,
    "body": "I like riding bicycle",
    "publish": "2024-10-24T10:30:56Z",
    "created": "2024-10-24T10:31:37.854Z",
    "updated": "2024-10-27T10:14:49.337Z",
    "status": "published"
  }
},
{
  "model": "blog.post",
  "pk": 10,
  "fields": {
    "title": "Sample Post",
    "slug": "sample-post",
    "author": 2,
    "body": "This is a sample post for testing.",
    "publish": "2024-10-27T08:35:07Z",
    "created": "2024-10-27T08:35:07.414Z",
    "updated": "2024-10-27T10:14:11.437Z",
    "status": "published"
  }
},
{
  "model": "blog.post",
  "pk": 11,
  "fields": {
    "title": "\"Harnessing the Power of ChatGPT Code Interpreter for Data Analysis\"",
    "slug": "harnessing-the-power-of-chatgpt-code-interpreter-for-data-analysis",
    "author": 3,
    "body": "Description: Explore how OpenAI's new code interpreter (also known as Advanced Data Analysis) within ChatGPT is transforming data analytics. From generating instant visualizations to performing complex calculations on large datasets, this tool is a game-changer for data scientists and business analysts alike.",
    "publish": "2024-10-27T09:29:33Z",
    "created": "2024-10-27T09:32:40.005Z",
    "updated": "2024-10-27T09:35:37.252Z",
    "status": "published"
  }
},
{
  "model": "blog.post",
  "pk": 12,
  "fields": {
    "title": "\"AI-Powered Image Generation with DALL-E 3: A Creative Revolution\"",
    "slug": "ai-powered-image-generation-with-dall-e-3-a-creative-revolution",
    "author": 3,
    "body": "Description: DALL-E 3 has redefined the landscape of AI-driven image generation. This post dives into its new capabilities, including enhanced realism, complex scene generation, and integration with ChatGPT. Learn how creatives are leveraging it to produce unique art, design, and marketing visuals.",
    "publish": "2024-10-27T09:33:11Z",
    "created": "2024-10-27T09:33:49.541Z",
    "updated": "2024-10-27T09:35:46.088Z",
    "status": "published"
  }
},
{
  "model": "blog.post",
  "pk": 13,
  "fields": {
    "title": "\"Building Smarter Business Solutions with Google's Vertex AI\"",
    "slug": "building-smarter-business-solutions-with-googles-vertex-ai",
    "author": 3,
    "body": "Description: Discover Google’s Vertex AI, an end-to-end platform enabling businesses to develop, deploy, and manage machine learning models. This post explores its automated machine learning features, training scalability, and how companies are using it to streamline business processes.",
    "publish": "2024-10-27T09:34:34Z",
    "created": "2024-10-27T09:35:06.742Z",
    "updated": "2024-10-27T09:35:52.474Z",
    "status": "published"
  }
},
{
  "model": "blog.post",
  "pk": 14,
  "fields": {
    "title": "\"Automated Code Writing and Debugging with GitHub Copilot X\"",
    "slug": "automated-code-writing-and-debugging-with-github-copilot-x",
    "author": 3,
    "body": "Description: GitHub Copilot X brings new advancements to AI-assisted coding. This post reviews its features like conversational debugging, AI-powered code suggestions, and seamless IDE integration, making it easier than ever for developers to tackle complex programming challenges.",
    "publish": "2024-10-27T09:36:05Z",
    "created": "2024-10-27T09:36:42.659Z",
    "updated": "2024-10-27T09:36:42.659Z",
    "status": "published"
  }
},
{
  "model": "blog.post",
  "pk": 15,
  "fields": {
    "title": "\"Revolutionizing Customer Service with ChatGPT's Multimodal Capabilities\"",
    "slug": "revolutionizing-customer-service-with-chatgpts-multimodal-capabilities",
    "author": 2,
    "body": "Description: Learn how ChatGPT’s multimodal capabilities (supporting both text and image inputs) are transforming customer service by enabling faster and more accurate responses to customer queries, supporting product recommendations, and enhancing the overall customer experience.",
    "publish": "2024-10-27T09:37:00Z",
    "created": "2024-10-27T09:37:27.800Z",
    "updated": "2024-10-27T09:37:34.617Z",
    "status": "published"
  }
},
{
  "model": "blog.post",
  "pk": 16,
  "fields": {
    "title": "Markdown Post",
    "slug": "markdown-post",
    "author": 2,
    "body": "This is a post formatted with markdown\r\n--------------------------------------\r\n*This is emphasized* and **this is more emphasized**.\r\nHere is a list:\r\n\r\n* One\r\n* Two\r\n* Three\r\n\r\nAnd a [link to the Django website](https://www.djangoproject.com/)",
    "publish": "2024-10-28T06:05:27Z",
    "created": "2024-10-28T06:06:48.267Z",
    "updated": "2024-10-28T06:10:45.789Z",
    "status": "published"
  }
},
{
  "model": "blog.comment",
  "pk": 1,
  "fields": {
    "post": 9,
    "name": "shekhar",
    "email": "shekhar.ghimire1001@gmail.com",
    "body": "The blog looks exciting",
    "created": "2024-10-26T09:28:23.669Z",
    "updated": "2024-10-26T09:28:23.669Z",
    "active": true
  }
},
{
  "model": "blog.comment",
  "pk": 2,
  "fields": {
    "post": 9,
    "name": "shekhar",
    "email": "shekhar.ghimire1001@gmail.com",
    "body": "why not",
    "created": "2024-10-26T10:16:15.948Z",
    "updated": "2024-10-26T10:26:56.093Z",
    "active": true
  }
},
{
  "model": "blog.comment",
  "pk": 3,
  "fields": {
    "post": 7,
    "name": "sudeep",
    "email": "sudeep@gmail.com",
    "body": "I also like swimming",
    "created": "2024-10-27T08:47:14.148Z",
    "updated": "2024-10-27T08:47:14.148Z",
    "active": true
  }
},
{
  "model": "blog.comment",
  "pk": 4,
  "fields": {
    "post": 8,
    "name": "sudeep",
    "email": "sudeep@gmail.com",
    "body": "I also like horse riding.",
    "created": "2024-10-27T08:48:13.159Z",
    "updated": "2024-10-27T08:48:13.159Z",
    "active": true
  }
},
{
  "model": "taggit.tag",
  "pk": 1,
  "fields": {
    "name": "music",
    "slug": "music"
  }
},
{
  "model": "taggit.tag",
  "pk": 2,
  "fields": {
    "name": "jazz",
    "slug": "jazz"
  }
},
{
  "model": "taggit.tag",
  "pk": 3,
  "fields": {
    "name": "django",
    "slug": "django"
  }
},
{
  "model": "taggit.tag",
  "pk": 4,
  "fields": {
    "name": "AI",
    "slug": "ai"
  }
},
{
  "model": "taggit.tag",
  "pk": 5,
  "fields": {
    "name": "DALL-E 3",
    "slug": "dall-e-3"
  }
},
{
  "model": "taggit.tag",
  "pk": 6,
  "fields": {
    "name": "Google’s Vertex AI",
    "slug": "googles-vertex-ai"
  }
},
{
  "model": "taggit.tag",
  "pk": 7,
  "fields": {
    "name": "GitHub Copilot X",
    "slug": "github-copilot-x"
  }
},
{
  "model": "taggit.tag",
  "pk": 8,
  "fields": {
    "name": "ChatGPT",
    "slug": "chatgpt"
  }
},
{
  "model": "taggit.tag",
  "pk": 9,
  "fields": {
    "name": "Bicycle",
    "slug": "bicycle"
  }
},
{
  "model": "taggit.tag",
  "pk": 10,
  "fields": {
    "name": "hobbies",
    "slug": "hobbies"
  }
},
{
  "model": "taggit.tag",
  "pk": 11,
  "fields": {
    "name": "bicycle",
    "slug": "bicycle_1"
  }
},
{
  "model": "taggit.tag",
  "pk": 12,
  "fields": {
    "name": "horse",
    "slug": "horse"
  }
},
{
  "model": "taggit.tag",
  "pk": 13,
  "fields": {
    "name": "riding",
    "slug": "riding"
  }
},
{
  "model": "taggit.tag",
  "pk": 14,
  "fields": {
    "name": "markdown",
    "slug": "markdown"
  }
},
{
  "model": "taggit.taggeditem",
  "pk": 1,
  "fields": {
    "tag": 1,
    "content_type": 7,
    "object_id": 10
  }
},
{
  "model": "taggit.taggeditem",
  "pk": 2,
  "fields": {
    "tag": 2,
    "content_type": 7,
    "object_id": 10
  }
},
{
  "model": "taggit.taggeditem",
  "pk": 3,
  "fields": {
    "tag": 3,
    "content_type": 7,
    "object_id": 10
  }
},
{
  "model": "taggit.taggeditem",
  "pk": 4,
  "fields": {
    "tag": 4,
    "content_type": 7,
    "object_id": 11
  }
},
{
  "model": "taggit.taggeditem",
  "pk": 5,
  "fields": {
    "tag": 4,
    "content_type": 7,
    "object_id": 12
  }
},
{
  "model": "taggit.taggeditem",
  "pk": 6,
  "fields": {
    "tag": 5,
    "content_type": 7,
    "object_id": 12
  }
},
{
  "model": "taggit.taggeditem",
  "pk": 7,
  "fields": {
    "tag": 4,
    "content_type": 7,
    "object_id": 13
  }
},
{
  "model": "taggit.taggeditem",
  "pk": 8,
  "fields": {
    "tag": 6,
    "content_type": 7,
    "object_id": 13
  }
},
{
  "model": "taggit.taggeditem",
  "pk": 9,
  "fields": {
    "tag": 4,
    "content_type": 7,
    "object_id": 14
  }
},
{
  "model": "taggit.taggeditem",
  "pk": 10,
  "fields": {
    "tag": 7,
    "content_type": 7,
    "object_id": 14
  }
},
{
  "model": "taggit.taggeditem",
  "pk": 11,
  "fields": {
    "tag": 4,
    "content_type": 7,
    "object_id": 15
  }
},
{
  "model": "taggit.taggeditem",
  "pk": 12,
  "fields": {
    "tag": 8,
    "content_type": 7,
    "object_id": 15
  }
},
{
  "model": "taggit.taggeditem",
  "pk": 14,
  "fields": {
    "tag": 10,
    "content_type": 7,
    "object_id": 7
  }
},
{
  "model": "taggit.taggeditem",
  "pk": 15,
  "fields": {
    "tag": 11,
    "content_type": 7,
    "object_id": 9
  }
},
{
  "model": "taggit.taggeditem",
  "pk": 16,
  "fields": {
    "tag": 12,
    "content_type": 7,
    "object_id": 8
  }
},
{
  "model": "taggit.taggeditem",
  "pk": 17,
  "fields": {
    "tag": 13,
    "content_type": 7,
    "object_id": 8
  }
},
{
  "model": "taggit.taggeditem",
  "pk": 18,
  "fields": {
    "tag": 14,
    "content_type": 7,
    "object_id": 16
  }
},
{
  "model": "sites.site",
  "pk": 1,
  "fields": {
    "domain": "localhost:8000",
    "name": "localhost:8000"
  }
}
]
